session_id,label,flex1,flex2,flex3,flex4,flex5,accel_x,accel_y,accel_z,gyro_x,gyro_y,gyro_z
l21,U,0,0,0,0,0,-1136,1356,13528,-550,-94,75
l21,U,0,0,0,0,0,-872,1648,13652,-548,-140,16
l21,U,0,0,0,0,0,-908,1676,13740,-595,-136,-130
l21,U,0,0,0,0,0,-796,1696,13860,-587,-150,-156
l21,U,0,0,0,0,0,-720,1612,13892,-560,-157,-67
l21,U,0,0,0,0,0,-728,1672,13792,-567,-178,-10
l21,U,0,0,0,0,0,-788,1632,13824,-584,-152,-142
l21,U,0,0,0,0,0,-780,1704,13720,-502,-224,45
l21,U,0,0,0,0,0,-808,1892,13776,-518,-120,-572
l21,U,0,0,0,0,0,-784,1588,13916,-612,-137,-154
l21,U,0,0,0,0,0,-876,1580,13896,-551,-153,-151
l21,U,0,0,0,0,0,-788,1632,13724,-571,-144,-145
l21,U,0,0,0,0,0,-856,1604,13664,-590,-132,-153
l21,U,0,0,0,0,0,-732,1676,13796,-602,-169,-143
l21,U,0,0,0,0,0,-784,1572,13764,-601,-152,-171
l21,U,0,0,0,0,0,-868,1632,13780,-558,-135,-162
l21,U,0,0,0,0,0,-848,1552,13820,-560,-126,-155
l21,U,0,0,0,0,0,-800,1616,13736,-546,-156,-152
l21,U,0,0,0,0,0,-772,1644,13776,-596,-161,-139
l21,U,0,0,0,0,0,-924,1640,13744,-582,-146,-157
l21,U,0,0,0,0,0,-748,1644,13828,-590,-111,-162
l21,U,0,0,0,0,0,-840,1640,13860,-589,-148,-158
l21,U,0,0,0,0,0,-828,1636,13852,-560,-145,-156
l21,U,0,0,0,0,0,-832,1596,13680,-582,-125,-176
l21,U,0,0,0,0,0,-824,1596,13696,-619,-161,-152
l21,U,0,0,0,0,0,-752,1704,13764,-596,-173,-152
l21,U,0,0,0,0,0,-832,1696,13596,-596,-134,-166
l21,U,0,0,0,0,0,-732,1676,13772,-580,-160,-147
l21,U,0,0,0,0,0,-804,1596,13764,-591,-171,-159
l21,U,0,0,0,0,0,-832,1656,13696,-634,-133,-143
l21,U,0,0,0,0,0,-852,1612,13612,-598,-155,-143
l21,U,0,0,0,0,0,-892,1644,13840,-580,-132,-165
l21,U,0,0,0,0,0,-796,1728,13904,-625,-145,-174
l21,U,0,0,0,0,0,-792,1680,13816,-584,-166,-135
l21,U,0,0,0,0,0,-820,1592,13848,-570,-152,-152
l21,U,0,0,0,0,0,-760,1588,13808,-592,-130,-148
l21,U,0,0,0,0,0,-808,1608,13852,-585,-163,-139
l21,U,0,0,0,0,0,-768,1644,13820,-570,-150,-158
l21,U,0,0,0,0,0,-828,1632,13720,-599,-137,-142
l21,U,0,0,0,0,0,-788,1620,13764,-622,-176,-149
l21,U,0,0,0,0,0,-768,1584,13676,-594,-149,-140
l21,U,0,0,0,0,0,-912,1696,13688,-565,-172,-149
l21,U,0,0,0,0,0,-784,1768,13660,-555,-157,-163
l21,U,0,0,0,0,0,-884,1656,13932,-587,-141,-178
l21,U,0,0,0,0,0,-860,1520,13792,-574,-150,-138
l21,U,0,0,0,0,0,-772,1664,13868,-647,-157,-148
l21,U,0,0,0,0,0,-784,1592,13856,-590,-155,-151
l21,U,0,0,0,0,0,-764,1596,13640,-567,-152,-162
l21,U,0,0,0,0,0,-772,1604,13704,-597,-144,-160
l21,U,0,0,0,0,0,-760,1632,13928,-609,-173,-161
l21,U,0,0,0,0,0,-752,1628,13792,-589,-139,-162
l21,U,0,0,0,0,0,-832,1548,13700,-582,-169,-146
l21,U,0,0,0,0,0,-784,1680,13776,-588,-167,-153
l21,U,0,0,0,0,0,-792,1660,13756,-591,-166,-160
l21,U,0,0,0,0,0,-716,1624,13792,-577,-150,-178
l21,U,0,0,0,0,0,-828,1636,13808,-615,-158,-136
l21,U,0,0,0,0,0,-828,1736,13952,-617,-140,-146
l21,U,0,0,0,0,0,-696,1668,13816,-579,-146,-117
l21,U,0,0,0,0,0,-912,1604,13752,-589,-162,-172
l21,U,0,0,0,0,0,-888,1660,13748,-608,-156,-147
l21,U,0,0,0,0,0,-684,1588,13768,-590,-176,-147
l21,U,0,0,0,0,0,-772,1612,13636,-616,-155,-157
l21,U,0,0,0,0,0,-768,1528,13116,-488,-134,-171
l21,U,0,0,0,0,0,-868,1720,13700,-570,-205,-145
l21,U,0,0,0,0,0,-780,1576,13924,-552,-125,-141
l21,U,0,0,0,0,0,-828,1632,13760,-626,-165,-157
l21,U,0,0,0,0,0,-784,1580,13720,-574,-185,-142
l21,U,0,0,0,0,0,-812,1740,13592,-611,-145,-163
l21,U,0,0,0,0,0,-668,1408,13120,-1244,-337,-191
l21,U,0,0,0,0,0,-724,1536,13724,-799,-101,-905
l21,U,0,0,0,0,0,-964,1436,13696,-502,-160,-104
l21,U,0,0,0,0,0,-708,1512,13728,-637,-129,-145
l21,U,0,0,0,0,0,-808,1472,13756,-605,-176,-146
l21,U,0,0,0,0,0,-900,1564,13980,-586,-161,-149
l21,U,0,0,0,0,0,-888,1452,13932,-596,-192,-170
l21,U,0,0,0,0,0,-752,1520,13560,-625,-122,-192
l21,U,0,0,0,0,0,-804,1540,13840,-564,-150,-163
l21,U,0,0,0,0,0,-928,1612,13756,-570,-191,-136
l21,U,0,0,0,0,0,-812,1672,13784,-577,-171,-147
l21,U,0,0,0,0,0,-816,1608,13696,-584,-103,-144
l21,U,0,0,0,0,0,-872,1624,13616,-591,-120,-148
l21,U,0,0,0,0,0,-808,1596,13884,-617,-163,-156
l21,U,0,0,0,0,0,-824,1612,13772,-617,-162,-151
l21,U,0,0,0,0,0,-864,1672,13608,-559,-165,-159
l21,U,0,0,0,0,0,-792,1628,13804,-601,-162,-162
l21,U,0,0,0,0,0,-892,1584,13880,-628,-107,-145
l21,U,0,0,0,0,0,-760,1684,13940,-546,-200,-130
l21,U,0,0,0,0,0,-884,1580,13664,-555,-150,-148
l21,U,0,0,0,0,0,-764,1556,13724,-622,-154,-154
l21,U,0,0,0,0,0,-752,1512,13676,-484,-182,-190
l21,U,0,0,0,0,0,-708,1604,13860,-563,-144,-158
l21,U,0,0,0,0,0,-804,1604,13848,-586,-156,-142
l21,U,0,0,0,0,0,-856,1576,13648,-581,-171,-138
l21,U,0,0,0,0,0,-836,1648,13876,-580,-142,-185
l21,U,0,0,0,0,0,-856,1524,13780,-575,-156,-173
l21,U,0,0,0,0,0,-812,1584,13648,-586,-169,-158
l21,U,0,0,0,0,0,-908,1532,13940,-589,-137,-152
l21,U,0,0,0,0,0,-832,1548,13960,-628,-173,-163
l21,U,0,0,0,0,0,-828,1452,13844,-608,-177,-144
l21,U,0,0,0,0,0,-744,1644,13792,-569,-185,-145
l21,U,0,0,0,0,0,-788,1580,13816,-563,-160,-157
l21,U,0,0,0,0,0,-836,1552,13788,-604,-131,-149
l21,U,0,0,0,0,0,-764,1632,13848,-567,-163,-159
l21,U,0,0,0,0,0,-848,1612,13752,-593,-142,-156
l21,U,0,0,0,0,0,-892,1540,13860,-586,-148,-119
l21,U,0,0,0,0,0,-740,1572,13756,-587,-164,-175
l21,U,0,0,0,0,0,-860,1580,13740,-580,-154,-139
l21,U,0,0,0,0,0,-912,1640,13800,-576,-127,-166
l21,U,0,0,0,0,0,-760,1572,13744,-598,-133,-139
l21,U,0,0,0,0,0,-804,1560,13976,-597,-148,-157
l21,U,0,0,0,0,0,-776,1656,13724,-650,-145,-229
l21,U,0,0,0,0,0,-748,1596,13740,-568,-163,-140
l21,U,0,0,0,0,0,-784,1660,13804,-553,-143,-155
l21,U,0,0,0,0,0,-800,1676,13820,-578,-171,-175
l21,U,0,0,0,0,0,-820,1584,13788,-484,-187,-199
l21,U,0,0,0,0,0,-744,1584,13840,-561,-190,-157
l21,U,0,0,0,0,0,-788,1516,13796,-580,-166,-146
l21,U,0,0,0,0,0,-764,1356,14108,-708,-57,-202
l21,U,0,0,0,0,0,-864,1580,13780,-567,-146,-174
l21,U,0,0,0,0,0,-844,1576,13860,-586,-162,-161
l21,U,0,0,0,0,0,-884,1568,13632,-627,-147,-152
l21,U,0,0,0,0,0,-804,1520,13872,-582,-125,-157
l21,U,0,0,0,0,0,-840,1632,13780,-577,-119,-144
l21,U,0,0,0,0,0,-804,1504,13808,-564,-150,-153
l21,U,0,0,0,0,0,-812,1516,13760,-575,-159,-150
l21,U,0,0,0,0,0,-868,1620,13756,-598,-161,-146
l21,U,0,0,0,0,0,-896,1660,13920,-578,-142,-143
l21,U,0,0,0,0,0,-904,1564,13860,-629,-166,-151
l21,U,0,0,0,0,0,-880,1476,13712,-598,-135,-141
l21,U,0,0,0,0,0,-820,1544,13700,-573,-121,-161
l21,U,0,0,0,0,0,-988,1432,13452,-654,-121,-158
l21,U,0,0,0,0,0,-848,1672,13864,-608,-182,-188
l21,U,0,0,0,0,0,-844,1516,13728,-604,-175,-151
l21,U,0,0,0,0,0,-796,1492,13684,-598,-141,-147
l21,U,0,0,0,0,0,-780,1544,13784,-560,-149,-161
l21,U,0,0,0,0,0,-772,1524,13864,-570,-140,-167
l21,U,0,0,0,0,0,-904,1644,13936,-612,-154,-142
l21,U,0,0,0,0,0,-800,1536,13916,-603,-173,-158
l21,U,0,0,0,0,0,-772,1572,13732,-590,-160,-153
l21,U,0,0,0,0,0,-796,1608,13756,-576,-144,-149
l21,U,0,0,0,0,0,-784,1580,13784,-569,-170,-143
l21,U,0,0,0,0,0,-1032,1540,13748,-584,-148,-161
l21,U,0,0,0,0,0,-848,1628,13772,-591,-169,-153
l21,U,0,0,0,0,0,-860,1608,13740,-607,-148,-158
l21,U,0,0,0,0,0,-900,1540,13636,-565,-168,-164
l21,U,0,0,0,0,0,-876,1544,13792,-587,-162,-149
l21,U,0,0,0,0,0,-928,1592,13904,-621,-153,-164
l21,U,0,0,0,0,0,-800,1568,13704,-574,-135,-142
l21,U,0,0,0,0,0,-820,1344,13640,-548,-127,-151
l21,U,0,0,0,0,0,-896,1604,13924,-601,-178,-157
l21,U,0,0,0,0,0,-816,1512,13804,-575,-154,-158
l21,U,0,0,0,0,0,-880,1508,13976,-609,-146,-164
l21,U,0,0,0,0,0,-832,1576,13856,-583,-141,-146
l21,U,0,0,0,0,0,-940,1744,13720,-626,-143,-179
l21,U,0,0,0,0,0,-844,1572,13792,-585,-129,-161
l21,U,0,0,0,0,0,-912,1536,13708,-553,-147,-146
l21,U,0,0,0,0,0,-712,1592,13856,-574,-151,-175
l21,U,0,0,0,0,0,-888,1576,13864,-577,-113,-156
l21,U,0,0,0,0,0,-792,1604,13884,-585,-169,-143
l21,U,0,0,0,0,0,-800,1552,13764,-596,-152,-153
l21,U,0,0,0,0,0,-760,1560,13748,-564,-160,-152
l21,U,0,0,0,0,0,-912,1560,13816,-587,-161,-147
l21,U,0,0,0,0,0,-836,1564,13648,-566,-118,-169
l21,U,0,0,0,0,0,-836,1456,13968,-632,-167,-124
l21,U,0,0,0,0,0,-840,1576,13660,-586,-132,-149
l21,U,0,0,0,0,0,-916,1584,13756,-577,-154,-163
l21,U,0,0,0,0,0,-796,1560,13716,-586,-119,-142
l21,U,0,0,0,0,0,-900,1460,13640,-663,-135,-193
l21,U,0,0,0,0,0,-724,1536,13728,-588,-159,-133
l21,U,0,0,0,0,0,-928,1548,13816,-572,-155,-177
l21,U,0,0,0,0,0,-712,1540,13660,-582,-149,-144
l21,U,0,0,0,0,0,-796,1472,13684,-587,-147,-173
l21,U,0,0,0,0,0,-852,1636,13772,-617,-157,-164
l21,U,0,0,0,0,0,-892,1684,13856,-584,-134,-179
l21,U,0,0,0,0,0,-780,1540,13772,-587,-127,-154
l21,U,0,0,0,0,0,-936,1732,13728,-598,-143,-176
l21,U,0,0,0,0,0,-860,1780,13760,-567,-143,-160
l21,U,0,0,0,0,0,-816,1656,13812,-613,-163,-150
l21,U,0,0,0,0,0,-948,1592,13700,-609,-122,-158
l21,U,0,0,0,0,0,-948,1620,13864,-577,-160,-174
l21,U,0,0,0,0,0,-820,1544,13696,-584,-176,-124
l21,U,0,0,0,0,0,-816,1552,13804,-587,-137,-149
l21,U,0,0,0,0,0,-864,1560,13936,-573,-164,-176
l21,U,0,0,0,0,0,-912,1632,13796,-593,-138,-170
l21,U,0,0,0,0,0,-812,1552,13856,-597,-132,-155
l21,U,0,0,0,0,0,-748,1584,13840,-594,-188,-133
l21,U,0,0,0,0,0,-800,1648,13656,-571,-168,-158
l21,U,0,0,0,0,0,-888,1524,13804,-569,-176,-117
l21,U,0,0,0,0,0,-852,1560,13840,-561,-171,-178
l21,U,0,0,0,0,0,-844,1568,14056,-581,-146,-169
l21,U,0,0,0,0,0,-900,1632,13796,-585,-128,-160
l21,U,0,0,0,0,0,-856,1556,13864,-589,-151,-153
l21,U,0,0,0,0,0,-900,1532,13704,-587,-152,-168
l21,U,0,0,0,0,0,-780,1568,13740,-603,-151,-162
l21,U,0,0,0,0,0,-880,1608,13884,-602,-161,-150
l21,U,0,0,0,0,0,-880,1524,13536,-576,-133,-158
l21,U,0,0,0,0,0,-872,1540,13844,-599,-144,-145
l21,U,0,0,0,0,0,-872,1648,13732,-572,-176,-171
l21,U,0,0,0,0,0,-920,1472,13892,-576,-161,-155
l21,U,0,0,0,0,0,-880,1592,13824,-632,-170,-125
l21,U,0,0,0,0,0,-864,1484,13864,-593,-153,-141
l21,U,0,0,0,0,0,-928,1596,13816,-617,-166,-136
l21,U,0,0,0,0,0,-876,1500,13752,-561,-182,-153
l21,U,0,0,0,0,0,-916,1532,13804,-609,-156,-150
l21,U,0,0,0,0,0,-860,1692,13808,-596,-145,-151
l21,U,0,0,0,0,0,-880,1632,13788,-567,-137,-158
l21,U,0,0,0,0,0,-768,1536,13732,-575,-146,-127
l21,U,0,0,0,0,0,-844,1552,13848,-560,-149,-182
l21,U,0,0,0,0,0,-964,1636,13952,-565,-166,-181
l21,U,0,0,0,0,0,-924,1572,13956,-589,-153,-160
l21,U,0,0,0,0,0,-840,1636,13736,-585,-161,-164
l21,U,0,0,0,0,0,-836,1556,13760,-583,-152,-135
l21,U,0,0,0,0,0,-832,1588,13788,-553,-156,-156
l21,U,0,0,0,0,0,-868,1556,13564,-585,-122,-164
l21,U,0,0,0,0,0,-828,1696,13900,-535,-154,-140
l21,U,0,0,0,0,0,-796,1664,13748,-601,-155,-139
l21,U,0,0,0,0,0,-864,1348,13880,-664,-85,-272
l21,U,0,0,0,0,0,-768,1672,13828,-569,-177,-161
l21,U,0,0,0,0,0,-900,1556,13800,-543,-166,-140
l21,U,0,0,0,0,0,-904,1544,13792,-622,-154,-156
l21,U,0,0,0,0,0,-700,1620,13808,-596,-152,-153
l21,U,0,0,0,0,0,-848,1564,13856,-601,-132,-144
l21,U,0,0,0,0,0,-784,1648,13748,-559,-182,-115
l21,U,0,0,0,0,0,-860,1524,13784,-584,-134,-158
l21,U,0,0,0,0,0,-852,1500,13656,-625,-156,-195
l21,U,0,0,0,0,0,-856,1532,13820,-610,-140,-175
l21,U,0,0,0,0,0,-992,1300,13696,-597,-139,-111
l21,U,0,0,0,0,0,-848,1564,13984,-591,-134,-161
l21,U,0,0,0,0,0,-792,1632,13844,-575,-133,-142
l21,U,0,0,0,0,0,-836,1588,13752,-602,-181,-155
l21,U,0,0,0,0,0,-812,1516,13772,-603,-160,-124
l21,U,0,0,0,0,0,-708,1568,13740,-576,-153,-143
l21,U,0,0,0,0,0,-844,1536,13856,-561,-168,-149
l21,U,0,0,0,0,0,-900,1424,13792,-582,-150,-184
l21,U,0,0,0,0,0,-864,1396,13676,-625,-144,-299
l21,U,0,0,0,0,0,-772,1596,13716,-580,-153,-142
l21,U,0,0,0,0,0,-780,1496,13748,-588,-162,-162
l21,U,0,0,0,0,0,-760,1496,13724,-578,-181,-167
l21,U,0,0,0,0,0,-892,1568,13936,-580,-139,-149
l21,U,0,0,0,0,0,-856,1608,13804,-568,-156,-133
l21,U,0,0,0,0,0,-824,1580,13764,-594,-159,-178
l21,U,0,0,0,0,0,-904,1856,13748,-562,-204,-217
l21,U,0,0,0,0,0,-860,1476,13724,-558,-165,-162
l21,U,0,0,0,0,0,-696,1760,13724,-613,-168,-187
l21,U,0,0,0,0,0,-812,1576,13748,-586,-132,-132
l21,U,0,0,0,0,0,-828,1592,13780,-595,-164,-152
l21,U,0,0,0,0,0,-788,1564,13868,-588,-116,-154
l21,U,0,0,0,0,0,-796,1540,13804,-596,-179,-136
l21,U,0,0,0,0,0,-752,1500,13760,-587,-135,-163
l21,U,0,0,0,0,0,-780,1712,13676,-590,-123,-166
l21,U,0,0,0,0,0,-840,1772,13680,-611,-162,-136
l21,U,0,0,0,0,0,-788,1580,14072,-640,-155,-170
l21,U,0,0,0,0,0,-852,1740,13588,-611,-159,-195
l21,U,0,0,0,0,0,-948,1712,13732,-600,-164,-203
l21,U,0,0,0,0,0,-680,1696,13780,-592,-148,-168
l21,U,0,0,0,0,0,-812,1616,13872,-601,-146,-169
l21,U,0,0,0,0,0,-844,1660,13960,-635,-148,-155
l21,U,0,0,0,0,0,-768,1564,13768,-609,-163,-148
l21,U,0,0,0,0,0,-828,1512,13792,-539,-147,-167
l21,U,0,0,0,0,0,-744,1536,13748,-590,-140,-147
l21,U,0,0,0,0,0,-924,1536,13628,-571,-137,-171
l21,U,0,0,0,0,0,-792,1512,13760,-602,-127,-140
l21,U,0,0,0,0,0,-884,1620,13804,-597,-153,-162
l21,U,0,0,0,0,0,-916,1532,13792,-605,-146,-140
l21,U,0,0,0,0,0,-972,1404,13888,-582,-157,-79
l21,U,0,0,0,0,0,-924,1548,13784,-577,-168,-161
l21,U,0,0,0,0,0,-852,1476,13844,-579,-164,-134
l21,U,0,0,0,0,0,-784,1508,13796,-605,-168,-149
l21,U,0,0,0,0,0,-864,1500,13756,-614,-139,-143
l21,U,0,0,0,0,0,-896,1568,13840,-559,-120,-179
l21,U,0,0,0,0,0,-732,1580,13984,-602,-157,-164
l21,U,0,0,0,0,0,-812,1536,13876,-573,-133,-174
l21,U,0,0,0,0,0,-904,1540,13804,-618,-170,-166
l21,U,0,0,0,0,0,-916,1608,13684,-588,-155,-144
l21,U,0,0,0,0,0,-828,1668,13904,-599,-138,-192
l21,U,0,0,0,0,0,-872,1540,13836,-567,-124,-144
l21,U,0,0,0,0,0,-880,1544,13892,-577,-146,-138
l21,U,0,0,0,0,0,-760,1480,13688,-599,-145,-169
l21,U,0,0,0,0,0,-820,1516,13816,-599,-148,-142
l21,U,0,0,0,0,0,-912,1496,13704,-596,-151,-138
l21,U,0,0,0,0,0,-896,1672,13864,-568,-162,-141
l21,U,0,0,0,0,0,-816,1620,13724,-594,-149,-166
l21,U,0,0,0,0,0,-876,1632,13844,-592,-135,-179
l21,U,0,0,0,0,0,-780,1584,13880,-556,-155,-156
l21,U,0,0,0,0,0,-860,1484,13748,-550,-165,-152
l21,U,0,0,0,0,0,-804,1528,13704,-609,-160,-173
l21,U,0,0,0,0,0,-960,1576,13880,-598,-163,-146
l21,U,0,0,0,0,0,-1116,1420,13824,-590,-176,-163
l21,U,0,0,0,0,0,-900,1460,13684,-594,-153,-158
l21,U,0,0,0,0,0,-856,1488,13912,-595,-153,-139
l21,U,0,0,0,0,0,-896,1464,13744,-597,-150,-149
l21,U,0,0,0,0,0,-976,1472,13640,-581,-135,-148
l21,U,0,0,0,0,0,-980,1504,13884,-595,-142,-163
l21,U,0,0,0,0,0,-1100,1472,13512,-571,-175,-151
l21,U,0,0,0,0,0,-1000,1508,13940,-597,-149,-149
l21,U,0,0,0,0,0,-664,1504,13904,-594,-145,-148
l21,U,0,0,0,0,0,-1184,1492,13528,-573,-133,-147
l21,U,0,0,0,0,0,-1180,1500,13660,-576,-153,-149
l21,U,0,0,0,0,0,-980,1352,13484,-578,-155,-148
l21,U,0,0,0,0,0,-1104,1340,13580,-562,-118,-147
l21,U,0,0,0,0,0,-916,1396,14060,-606,-118,-155
l21,U,0,0,0,0,0,-980,1488,13804,-596,-130,-180
l21,U,0,0,0,0,0,-1204,1400,13660,-570,-166,-145
l21,U,0,0,0,0,0,-1100,1304,13952,-627,-153,-141
l21,U,0,0,0,0,0,-1016,1380,13784,-581,-186,-155
l21,U,0,0,0,0,0,-1020,1436,13524,-580,-106,-157
l21,U,0,0,0,0,0,-816,1360,13924,-589,-165,-143
l21,U,0,0,0,0,0,-1040,1496,13624,-599,-130,-164
l21,U,0,0,0,0,0,-1080,1504,13692,-587,-143,-156
l21,U,0,0,0,0,0,-980,1492,13960,-602,-151,-180
l21,U,0,0,0,0,0,-848,1552,13732,-613,-146,-146
l21,U,0,0,0,0,0,-1004,1616,13808,-589,-129,-183
l21,U,0,0,0,0,0,-896,1640,13908,-604,-119,-110
l21,U,0,0,0,0,4,-1144,1500,13524,-569,-150,-170
l21,U,0,0,0,0,0,-1252,1520,13852,-585,-182,-144
l21,U,0,0,0,0,0,-964,1432,13764,-574,-104,-212
l21,U,0,0,0,0,224,-800,1220,13992,-616,-162,-489
l21,U,0,0,0,0,258,-1068,1364,13844,-560,-154,-437
l21,U,0,0,0,0,10,-1164,1384,13736,-572,-144,-170
l21,U,0,0,0,0,96,-1012,1508,13936,-562,-136,-165
l21,U,0,0,0,0,76,-744,1520,13964,-595,-166,-135
l21,U,0,0,0,0,45,-1104,1364,13556,-607,-158,-158
l21,U,0,0,0,0,30,-936,1424,14024,-612,-117,-140
l21,U,0,0,0,0,87,-916,1392,13752,-588,-176,-173
l21,U,0,0,0,0,78,-1172,1428,13808,-528,-140,-130
l21,U,0,0,0,0,72,-996,1304,14044,-642,-175,-152
l21,U,0,0,0,0,80,-1004,1420,13784,-571,-126,-176
l21,U,0,0,0,0,157,-1088,1580,13776,-528,-176,-141
l21,U,0,0,0,0,176,-1076,1312,14120,-607,-134,-151
l21,U,0,0,0,0,95,-932,1300,13928,-604,-117,-169
l21,U,0,0,0,0,82,-1100,1256,13756,-638,-149,-159
l21,U,0,0,0,0,41,-928,1332,13844,-566,-220,-124
l21,U,0,0,0,0,64,-1048,1592,13712,-621,-139,-160
l21,U,0,0,0,0,0,-1076,1452,13800,-609,-161,-145
l21,U,0,0,0,0,0,-1120,1412,13808,-580,-145,-128
l21,U,0,0,0,0,0,-928,1392,13744,-597,-154,-154
l21,U,0,0,0,0,0,-1068,1624,14040,-604,-137,-154
l21,U,0,0,0,0,0,-896,1408,13580,-595,-165,-147
l21,U,0,0,0,0,0,-924,1480,13732,-613,-162,-341
l21,U,0,0,0,0,0,-1172,1432,13752,-625,-121,-152
l21,U,0,0,0,0,0,-1056,1328,13756,-555,-162,-144
l21,U,0,0,0,0,0,-728,1428,13848,-595,-140,-164
l21,U,0,0,0,0,0,-916,1288,13836,-549,-214,-153
l21,U,0,0,0,0,0,-1120,1360,13760,-596,-128,-163
l21,U,0,0,0,0,0,-1032,1520,13928,-547,-150,-159
l21,U,0,0,0,0,0,-736,1300,13688,-580,-176,-151
l21,U,0,0,0,0,0,-972,1380,13788,-526,-174,-159
l21,U,0,0,0,0,0,-848,1536,14084,-604,-126,-171
l21,U,0,0,0,0,0,-1100,1408,13740,-571,-141,-154
l21,U,0,0,0,0,0,-1340,1360,13560,-578,-157,-140
l21,U,0,0,0,0,0,-1204,1364,13792,-588,-143,-144
l21,U,0,0,0,0,0,-1012,1400,13836,-585,-154,-160
l21,U,0,0,0,0,0,-1104,1564,13816,-545,-152,-149
l21,U,0,0,0,0,0,-952,1304,13796,-616,-137,-161
l21,U,0,0,0,0,0,-1180,1540,13780,-595,-148,-150
l21,U,0,0,0,0,0,-1180,1504,13516,-572,-137,-141
l21,U,0,0,0,0,0,-928,1408,13820,-595,-138,-140
l21,U,0,0,0,0,0,-848,1428,13696,-605,-143,-158
l21,U,0,0,0,149,0,-872,1644,13852,-663,-133,-73
l21,U,0,0,0,165,0,-1192,1348,13924,-566,-143,-168
l21,U,0,0,0,95,0,-1068,1404,13796,-568,-129,-174
l21,U,0,0,0,155,0,-880,1388,13864,-593,-158,-168
l21,U,0,0,0,754,0,-1148,1400,13584,-531,-178,-366
l21,U,0,0,0,989,3,-1348,1580,14016,-586,-251,-1250
l21,U,0,0,0,1088,0,-752,1616,13708,-552,-157,-244
l21,U,0,0,0,1452,0,-848,1744,13476,-663,-177,-350
l21,U,0,0,0,1684,0,-1036,1456,13872,-572,-172,-158
l21,U,0,0,0,1669,0,-904,1468,13776,-614,-127,-134
l21,U,0,0,0,1771,0,-1048,1300,13612,-565,-138,-149
l21,U,0,0,0,1591,0,-1112,1312,14080,-611,-179,-153
l21,U,0,0,0,609,0,-1056,1396,13844,-633,-146,-152
l21,U,0,0,0,0,0,-1156,1512,13512,-579,-169,-137
l21,U,0,0,0,0,0,-932,1316,13916,-601,-128,-145
l21,U,0,0,0,0,0,-1100,1396,13732,-592,-142,-161
l21,U,0,0,0,0,0,-1196,1484,13832,-533,-147,-148
l21,U,0,0,0,0,138,-1100,1368,13856,-562,-132,-146
l21,U,0,0,0,0,105,-1188,1448,13652,-610,-167,-166
l21,U,0,0,0,0,0,-1060,1508,13728,-570,-167,-143
l21,U,0,0,0,0,0,-1032,1388,14128,-634,-118,-152
l21,U,0,0,371,0,0,-1024,1492,13788,-562,-167,-147
l21,U,0,0,1059,0,0,-652,904,14484,-534,-73,-66
l21,U,0,0,1237,0,0,-1228,1260,13824,-595,-162,-147
l21,U,0,0,1715,0,0,-988,1344,13828,-531,-145,-197
l21,U,0,0,1373,0,0,-928,1436,13916,-603,-111,-157
l21,U,0,0,1563,0,0,-1000,1364,13732,-592,-137,-146
l21,U,0,0,1319,0,0,-1044,1428,13548,-580,-142,-171
l21,U,0,0,1399,0,0,-924,1472,13752,-589,-156,-151
l21,U,0,0,1266,0,0,-1080,1452,13720,-557,-140,-130
l21,U,0,0,658,0,0,-936,1264,14220,-617,-153,-155
l21,U,0,0,0,0,0,-1028,1588,13148,-595,-123,-166
l21,U,0,0,0,0,0,-1252,1388,13472,-555,-166,-148
l21,U,0,0,0,0,0,-1104,1344,13872,-568,-130,-150
l21,U,0,0,0,0,0,-924,1452,13716,-593,-148,-172
l21,U,0,0,0,0,0,-1032,1400,13584,-547,-150,-138
l21,U,0,0,0,0,0,-1028,1244,13948,-584,-151,-161
l21,U,0,0,0,0,0,-1008,1272,13800,-611,-133,-164
l21,U,0,0,0,0,0,-1248,1268,13764,-607,-139,-134
l21,U,0,0,0,0,0,-1144,1104,14312,-641,-159,-151
l21,U,0,0,0,0,0,-980,1352,13644,-603,-161,-171
l21,U,0,0,0,0,0,-1036,1392,13668,-558,-168,-159
l21,U,0,0,0,0,0,-1064,1368,13924,-585,-161,-162
l21,U,0,0,0,0,0,-1152,1340,13752,-613,-163,-148
l21,U,0,0,0,0,0,-1092,1476,13776,-561,-130,-143
l21,U,0,0,0,0,0,-1032,1392,13892,-623,-166,-143
l21,U,0,0,0,0,0,-848,1468,13604,-588,-150,-142
l21,U,0,0,0,232,0,-1008,1512,13796,-587,-149,-156
l21,U,0,0,0,547,0,-1212,1360,13608,-587,-173,-174
l21,U,965,16,0,1015,233,-984,1324,13732,-568,-149,-177
l21,U,1659,34,0,928,265,-1864,456,13792,-316,-165,-930
l21,U,1238,0,0,1287,0,-664,1552,13600,-656,-193,-1050
l21,U,416,0,0,1091,0,-1016,1376,13736,-572,-167,-140
l21,U,269,0,0,1023,0,-1216,1480,13852,-607,-161,-135
l21,U,251,0,0,1088,21,-1228,1380,13652,-562,-165,-125
l21,U,463,0,0,1069,123,-876,1396,13920,-571,-137,-186
l21,U,566,2,0,1008,112,-1120,1388,14180,-439,-89,-2198
l21,U,458,0,0,1041,159,-936,948,13412,-478,-121,-1320
l21,U,427,0,0,1037,259,-968,1480,13720,-594,-156,-542
l21,U,296,0,0,688,74,-1164,1324,13800,-585,-139,-162
l21,U,251,0,0,770,0,-1336,1212,13736,-544,-137,-165
l21,U,169,0,0,597,0,-1076,1288,13736,-565,-175,-175
l21,U,111,0,0,672,0,-1052,1228,13692,-565,-137,-191
l21,U,0,0,0,272,0,-1360,1372,13696,-555,-110,-142
l21,U,0,0,0,0,0,-1376,1300,13872,-590,-207,-138
l21,U,0,0,0,0,0,-1216,1312,13880,-569,-125,-164
l21,U,0,0,0,0,0,-1200,1372,13968,-597,-147,-158
l21,U,0,0,0,0,0,-1172,1216,13936,-590,-145,-172
l21,U,0,0,0,0,0,-1212,1248,13768,-587,-156,-165
l21,U,0,0,0,0,0,-1388,1472,13656,-560,-143,-152
l21,U,0,0,0,0,0,-1176,1148,13660,-600,-141,-149
l21,U,0,0,39,0,0,-912,1308,13716,-604,-152,-169
l21,U,141,0,0,0,0,-1048,1344,13940,-601,-163,-153
l21,U,189,0,0,0,0,-1288,1320,13832,-571,-178,-168
l21,U,0,0,0,0,0,-1148,1288,13624,-542,-164,-158
l21,U,0,0,458,0,0,-996,1260,13916,-625,-165,-138
l21,U,0,0,790,0,0,-1272,1248,13660,-596,-137,-127
l21,U,0,0,691,0,0,-916,1332,13788,-580,-151,-153
l21,U,0,0,1023,0,0,-1072,1368,13856,-585,-152,-150
l21,U,304,0,561,0,0,-1348,1336,13548,-554,-147,-147
l21,U,256,0,0,0,0,-1224,1200,13944,-598,-138,-139
l21,U,0,0,0,0,0,-1136,1224,13596,-601,-175,-173
l21,U,0,0,0,0,0,-1180,1264,13588,-551,-180,-150
l21,U,0,0,0,0,0,-1424,860,13524,-585,-182,301
l21,U,0,0,0,0,0,-2012,920,14076,-758,-242,1470
l21,U,0,0,0,0,0,-1304,1396,13744,-549,-138,-149
l21,U,0,0,0,0,0,-1056,1208,13824,-577,-138,-135
l21,U,0,0,0,0,0,-600,1480,12012,-470,-151,1966
l21,U,0,0,58,0,0,-1192,1456,15192,-742,-268,3466
l21,U,80,0,352,0,0,-968,1148,11712,-367,68,2031
l21,U,483,0,315,0,0,-368,1360,13796,-838,100,1778
l21,U,0,0,403,0,0,-996,1340,13776,-636,-100,-184
l21,U,0,0,0,0,0,-1320,1520,14108,-478,-225,45
l21,U,0,0,0,0,0,-964,1596,13568,-598,-132,-120
l21,U,0,0,0,0,0,-936,1420,13748,-574,-162,-131
l21,U,0,0,0,0,0,-924,1452,13868,-574,-169,-142
l21,U,0,0,0,0,0,-976,1464,13880,-579,-120,-142
l21,U,0,0,0,0,0,-996,1548,13780,-596,-121,-153
l21,U,0,0,0,0,0,-928,1532,14016,-562,-145,-150
l21,U,0,0,0,0,0,-892,1272,13948,-581,-141,-133
l21,U,0,0,0,0,0,-928,1528,13828,-589,-157,-151
l21,U,0,0,0,0,0,-664,1464,13828,-439,-235,832
l21,U,0,0,0,0,0,-896,1512,13748,-548,-144,-110
l21,U,0,0,0,0,0,-808,1600,13568,-609,-154,-20
l21,U,0,0,0,0,0,-832,1536,13784,-543,-172,-107
l21,U,0,0,0,0,0,-840,1524,13856,-607,-132,-120
l21,U,0,0,0,0,0,-928,1548,13764,-579,-152,-155
l21,U,0,0,0,0,0,-836,1588,13812,-574,-161,-171
l21,U,0,0,0,0,0,-808,1484,13828,-584,-152,-178
l21,U,0,0,0,0,0,-960,1604,13784,-578,-153,-167
l21,U,0,0,0,0,0,-932,1468,13736,-581,-131,-164
l21,U,0,0,0,0,0,-912,1504,13832,-577,-157,-162
l21,U,0,0,0,0,0,-892,1428,13848,-623,-153,-126
l21,U,0,0,0,0,0,-872,1508,13888,-573,-179,-157
l21,U,0,0,0,0,0,-808,1576,13692,-587,-156,-121
l21,U,0,0,0,0,0,-828,1596,13700,-611,-183,-149
l21,U,0,0,0,0,0,-848,1568,13820,-589,-177,-156
l21,U,0,0,0,0,0,1948,-2304,13456,-509,-167,-170
l21,U,0,0,0,0,0,1888,-2320,13456,-542,-144,-165
l21,U,0,0,0,0,0,1872,-2340,13464,-580,-145,-140
l21,U,0,0,0,0,0,1952,-2304,13512,-615,-145,-144
l21,U,0,0,0,0,0,1964,-2200,13540,-610,-169,-150
l21,U,0,0,0,0,0,1872,-2240,13368,-586,-144,-164
l21,U,0,0,0,0,0,1904,-2316,13472,-632,-152,-136
l21,U,0,0,0,0,0,1888,-2272,13404,-615,-160,-161
l21,U,0,0,0,0,0,2004,-2220,13472,-602,-169,-151
l21,U,0,0,0,0,0,2004,-2252,13552,-593,-137,-137
l21,U,0,0,0,0,0,2232,-2944,12636,-1073,214,-388
l21,U,0,0,0,0,0,2212,-2180,13768,-725,-182,-288
l21,U,0,0,0,0,0,1832,-1956,13400,-483,-204,-204
l21,U,0,0,0,0,0,1992,-2308,13508,-680,-186,-112
l21,U,0,0,0,0,0,1868,-2372,13516,-577,-138,-133
l21,U,0,0,0,0,0,1908,-2224,13428,-581,-124,-148
l21,U,0,0,0,0,0,1884,-2304,13748,-593,-160,-116
l21,U,0,0,0,0,0,2032,-2220,13412,-590,-164,-162
l21,U,0,0,0,0,0,1952,-2340,13628,-606,-119,-151
l21,U,0,0,0,0,0,1956,-2220,13544,-589,-157,-136
l21,U,0,0,0,0,0,1948,-2320,13660,-606,-161,-159
l21,U,0,0,0,0,0,1868,-2228,13388,-623,-139,-152
l21,U,0,0,0,0,0,1896,-2292,13516,-637,-175,-130
l21,U,0,0,0,0,0,2128,-2300,13476,-634,-158,-142
l21,U,0,0,0,0,0,1948,-2232,13292,-547,-156,-124
l21,U,0,0,0,0,0,1916,-2208,13568,-597,-183,-158
l21,U,0,0,0,0,0,1972,-2376,14252,-483,-74,-160
l21,U,0,0,0,0,0,1988,-2220,13340,-586,-175,-135
l21,U,0,0,0,0,0,1932,-2328,13660,-593,-179,-162
l21,U,0,0,0,0,0,1884,-2336,13476,-766,-203,-176
l21,U,0,0,0,0,0,1976,-2232,13640,-548,-134,-126
l21,U,0,0,0,0,0,2036,-2208,13424,-576,-125,-124
l21,U,0,0,0,0,0,1996,-2296,13488,-612,-152,-130
l21,U,0,0,0,0,0,1968,-2276,13656,-587,-182,-151
l21,U,0,0,0,0,0,2144,-2340,13660,-602,-158,-128
l21,U,0,0,0,0,0,1996,-2328,13532,-611,-185,-124
l21,U,0,0,0,0,0,2012,-2324,13780,-575,-152,-128
l21,U,0,0,0,0,0,1944,-2220,13600,-583,-141,-151
l21,U,0,0,0,0,0,2052,-2220,13564,-598,-123,-130
l21,U,0,0,0,0,0,1988,-2192,13368,-601,-141,-139
l21,U,0,0,0,0,0,1904,-2344,13544,-599,-159,-125
l21,U,0,0,0,0,0,1888,-2268,13400,-580,-191,-151
l21,U,0,0,0,0,0,1984,-2272,13504,-613,-140,-149
l21,U,0,0,0,0,0,2248,-2596,13420,-457,-140,-140
l21,U,0,0,0,0,0,1972,-2280,13464,-613,-167,-133
l21,U,0,0,0,0,0,1976,-2268,13476,-587,-166,-165
l21,U,0,0,0,0,0,1920,-2160,13560,-587,-152,-170
l21,U,0,0,0,0,0,1992,-2312,13568,-610,-104,-123
l21,U,0,0,0,0,0,2080,-2248,13400,-587,-141,-141
l21,U,0,0,0,0,0,2036,-2288,13596,-584,-151,-141
l21,U,0,0,0,0,0,2084,-2308,13452,-582,-171,-143
l21,U,0,0,0,0,0,1940,-2240,13492,-594,-187,-151
l21,U,0,0,0,0,0,1956,-2256,13500,-585,-121,-138
l21,U,0,0,0,0,0,1920,-2260,13436,-588,-182,-142
l21,U,0,0,0,0,0,2000,-2288,13576,-595,-150,-143
l21,U,0,0,0,0,0,1948,-2248,13656,-584,-151,-159
l21,U,0,0,0,0,0,1944,-2364,13600,-588,-154,-169
l21,U,0,0,0,0,0,2012,-2236,13536,-643,-129,-132
l21,U,0,0,0,0,0,2032,-2244,13544,-600,-157,-159
l21,U,0,0,0,0,0,1992,-2240,13496,-587,-147,-148
l21,U,0,0,0,0,0,2052,-2264,13544,-580,-121,-126
l21,U,0,0,0,0,0,1868,-2356,13612,-616,-158,-143
l21,U,0,0,0,0,0,1924,-2344,13512,-586,-149,-165
l21,U,0,0,0,0,0,1880,-2160,13568,-685,-165,-123
l21,U,0,0,0,0,0,1900,-2388,13524,-587,-149,-154
l21,U,0,0,0,0,0,2036,-2208,13560,-593,-190,-142
l21,U,0,0,0,0,0,1916,-2276,13544,-727,-141,23
l21,U,0,0,0,0,0,348,-4500,13636,-8641,801,2935
l21,U,0,0,0,0,0,1704,-3280,14776,4630,-945,-709
l21,U,0,0,0,0,0,1572,-4056,14132,-887,-90,-144
l21,U,0,0,0,0,0,1268,-4332,12640,-551,-202,-288
l21,U,0,0,0,0,0,1336,-4400,12732,72,-287,-328
l21,U,0,0,0,0,0,1880,-4880,12440,-2153,-373,2298
l21,U,0,0,0,0,0,1856,-4056,13300,83,393,-2865
l21,U,0,0,0,0,0,2048,-3440,13048,9482,-1492,-5070
l21,U,0,0,0,0,0,1272,-2240,14980,2469,3573,-910
l21,U,73,0,0,0,0,1500,-1340,13620,-702,-372,-201
l21,U,6,0,0,0,192,1416,-1536,13540,310,1122,2
l21,U,0,0,0,0,132,956,-1276,13992,3676,3961,-2391
l21,U,0,47,0,0,91,-352,-144,13596,-381,-194,-1058
l21,U,0,32,0,0,407,40,612,15840,-682,-5423,-6239
l21,U,0,0,0,0,384,2212,-4500,-13696,437,3248,1751
l21,U,0,0,0,0,340,1280,-892,14180,1502,194,-1258
l21,U,0,0,0,0,272,1904,-1368,13312,2051,3830,-796
l21,U,0,0,0,0,217,-524,816,14068,7301,11053,517
l21,U,0,0,0,0,0,-592,1324,13748,-499,74,-256
l21,U,0,0,0,0,0,-520,312,13512,-4377,-5377,5
l21,U,0,69,0,0,0,288,512,13636,3621,4203,-2131
l21,U,0,105,0,0,0,-1868,896,12876,2332,-3991,-3148
l21,U,0,0,0,0,0,1772,1436,13436,-1243,-10598,-6063
l21,U,0,0,0,0,0,2276,1080,13768,-1582,-3057,-780
l21,U,0,0,0,0,0,2468,948,13748,-926,-291,-214
l21,U,0,0,0,0,0,2660,212,13556,-934,-211,-129
l21,U,0,0,0,0,0,2300,668,13572,-2061,-319,-31
l21,U,0,0,0,0,0,2620,680,13836,1744,-35,-2952
l21,U,0,0,0,0,0,2508,48,13672,-1196,-184,30
l21,U,0,0,0,0,0,2420,928,13464,-1278,-173,6
l21,U,0,0,0,0,0,2460,464,13280,-2393,-284,1446
l21,U,0,0,0,0,0,2672,228,13620,-5759,-594,4833
l21,U,0,0,0,0,0,2464,284,13316,3535,191,-4857
l21,U,0,0,0,0,0,2376,860,13432,3475,289,-5098
l21,U,0,0,0,0,0,2268,1868,12904,3683,-1140,-11894
l21,U,0,0,0,0,0,2680,2920,13412,-7350,-984,88
l21,U,0,2,0,0,0,2916,2060,13424,-1641,265,3056
l21,U,0,0,0,0,0,2120,1752,13504,1697,-33,-1326
l21,U,0,0,0,0,192,2284,2268,13344,1300,-349,-3480
l21,U,0,0,0,0,0,692,1008,13696,816,6117,3740
l21,U,0,0,0,0,0,960,2340,13432,-1000,-9283,-2538
l21,U,0,0,0,0,0,2936,2272,13224,718,-148,-6474
l21,U,0,0,0,0,0,1852,2104,13468,0,809,951
l21,U,0,0,0,0,0,3036,1956,10520,-708,390,-98
l21,U,0,9,0,0,0,1208,2064,13504,-472,9289,6293
l21,U,0,0,0,0,0,228,2024,13728,-1523,-8919,-3236
l21,U,0,0,0,0,0,2504,2032,13120,35,582,-1454
l21,U,0,0,0,0,0,2008,2136,13352,-285,-256,-1040
l21,U,0,0,0,0,0,2092,1712,14364,-2322,179,3808
l21,U,0,0,0,0,0,2208,1428,13792,403,-372,-3000
l21,U,0,0,0,0,0,2380,1648,13432,-824,-280,-913
l21,U,0,0,0,43,0,2244,1452,13416,-430,-191,-412
l21,U,0,0,0,221,0,2340,2268,13468,-413,-594,-3835
l21,U,0,0,0,0,0,2392,1856,13368,-699,-137,176
l21,U,0,0,0,0,0,2276,1792,13644,-1267,5,1869
l21,U,0,0,0,0,0,2488,1776,13636,-482,-96,-38
l21,U,0,0,0,0,0,2464,1696,13456,-478,-143,-378
l21,U,0,0,0,0,0,2432,1768,13692,-911,-19,347
l21,U,0,0,0,0,0,2552,1580,13972,-1933,10,2830
l21,U,0,0,0,0,0,2404,1392,13308,-238,-215,-941
l21,U,0,0,0,0,0,2504,1496,13804,-1887,-104,1696
l21,U,0,0,0,0,0,2408,1088,13528,-166,-190,-1086
l21,U,0,0,0,0,0,2512,1320,13700,225,-203,-1588
l21,U,0,0,0,0,0,5604,2932,19756,65,875,-2568
l21,U,0,0,0,0,0,2164,2292,12976,-341,-339,-451
l21,U,0,0,0,0,0,1828,1564,12580,-805,-111,415
l21,U,0,0,0,0,0,2516,1512,12988,-221,-224,-528
l21,U,0,0,0,0,0,2344,1772,13536,-1170,-47,1005
l21,U,0,0,0,0,0,2280,1568,13992,-1515,135,1254
l21,U,0,0,0,0,0,2596,1120,13700,-1304,-152,996
l21,U,0,0,0,0,0,2540,1248,13816,-1577,-169,1200
l21,U,0,0,0,0,0,2140,592,13516,-2360,-265,2109
l21,U,0,0,0,0,0,2504,396,13524,-874,-201,138
l21,U,0,0,0,0,0,2580,320,13464,-535,-154,-136
l21,U,0,0,0,130,0,2604,492,13596,-637,-206,-227
l21,U,0,0,0,153,0,2480,396,13488,-683,-160,-127
l21,U,0,0,0,0,0,2728,-104,13412,-1831,-194,485
l21,U,0,0,0,0,0,2504,124,13636,-636,-146,-140
l21,U,0,0,0,0,0,2668,-164,13140,-1073,-250,535
l21,U,0,0,0,0,165,2528,88,13568,602,-58,-1229
l21,U,0,0,0,188,732,2564,660,13712,-492,-218,-1595
l21,U,0,0,283,919,1059,2536,360,13664,-1587,-299,-16
l21,U,0,0,1170,1455,1872,2588,176,13748,-1652,-215,-95
l21,U,0,0,1682,1975,2067,2568,-44,13776,-235,-136,-193
l21,U,0,0,1802,2006,1952,2548,240,13472,-125,-166,-1157
l21,U,0,0,1723,2047,1983,2500,80,13748,-1151,-187,-119
l21,U,0,0,1616,2091,2047,2840,-276,13432,-1713,-210,540
l21,U,0,0,1622,2109,2016,2604,-108,13468,-1035,-169,238
l21,U,0,0,1465,1995,1796,2636,-360,13444,-633,-127,466
l21,U,0,0,1535,2007,1535,2728,-352,13628,-1009,-166,487
l21,U,0,0,1438,2025,1344,2644,-328,13560,-669,-187,-115
l21,U,0,0,1421,2080,1301,2580,-320,13784,-911,-215,-102
l21,U,0,0,1462,2121,1367,2620,-464,13764,-822,-171,-115
l21,U,0,0,1584,2011,1354,2728,-524,13548,-589,-152,-173
l21,U,0,0,1436,1937,1170,2624,-388,13624,-788,-170,-133
l21,U,0,0,1446,1929,1127,2592,-548,13372,-768,-98,-99
l21,U,0,0,1535,1985,1191,2620,-608,13688,-537,-134,-139
l21,U,0,0,1520,2038,1056,2780,-576,13696,-538,-141,-143
l21,U,0,0,1255,1838,953,2584,-520,13896,-230,-75,-260
l21,U,0,0,629,1600,754,2636,-512,13344,-228,-121,-253
l21,U,0,0,272,998,270,2576,-488,13540,-615,-164,-131
l21,U,0,0,0,16,0,2728,-296,13648,-2290,-262,1346
l21,U,0,0,0,0,0,1508,-1256,13360,-5809,2162,6200
l21,U,0,0,0,0,0,2348,-1872,13612,-1160,-47,667
l21,U,0,0,0,0,0,2332,-2360,12364,-9822,1036,7017
l21,U,0,0,0,0,0,1568,-4772,13392,-5141,-385,5032
l21,U,0,0,0,0,0,2368,-5084,12552,194,-2923,10479
l21,U,0,0,0,0,0,1360,-4516,14108,528,-1906,5969
l21,U,0,0,0,0,0,1632,-4432,13140,-1637,-863,3316
l21,U,0,0,0,0,0,2108,-4712,14256,-840,-1331,4411
l21,U,0,0,0,0,0,1384,-5044,13152,-213,-1731,5038
l21,U,0,0,0,0,0,756,-4948,13360,-445,-690,2306
l21,U,0,0,0,0,0,792,-5308,11628,295,-382,643
l21,U,0,0,0,0,0,1220,-4932,13240,-238,-157,161
l21,U,0,0,0,0,0,1740,-4904,12028,442,17,-45
l21,U,0,0,0,0,0,1576,-4336,11860,2328,113,710
l21,U,0,0,0,0,0,1288,-4252,13512,-668,-47,-869
l21,U,0,0,0,0,0,1304,-4980,12844,-1552,1507,-2896
l21,U,0,0,0,0,0,844,-4624,13020,-1954,619,-3836
l21,U,0,0,0,0,0,828,-5000,12076,-2749,459,-2362
l21,U,0,0,0,0,0,748,-5032,12920,-481,-183,-46
l21,U,0,0,0,0,0,1072,-5076,13012,-2229,466,877
l21,U,0,0,0,0,0,928,-5088,12852,-2500,580,783
l21,U,0,0,0,0,0,392,-5672,12580,-638,2694,1373
l21,U,0,0,0,0,0,404,-5496,13068,-1334,353,626
l21,U,0,0,0,0,0,-204,-5512,12656,-1421,-3628,666
l21,U,0,0,0,0,0,692,-5800,12800,-268,-410,-1012
l21,U,0,0,0,0,0,840,-4948,12500,-1368,5259,696
l21,U,0,0,0,0,0,-636,-6260,12652,-2616,3503,85
l21,U,0,0,0,0,0,-1024,-6152,12452,-2244,-4647,-204
l21,U,0,0,0,0,0,-744,-6424,12520,-864,-320,1198
l21,U,0,0,0,0,0,-340,-6408,12020,-1540,-176,1152
l21,U,0,0,0,0,0,-1132,-6136,10676,-1394,1834,827
l21,U,0,0,0,0,0,-544,-5776,12640,-1636,-2849,-157
l21,U,0,0,0,0,0,-136,-7096,12084,-1614,-3807,-190
l21,U,0,0,0,0,0,-264,-7440,12008,-403,-349,100
l21,U,0,0,0,0,0,-200,-7028,11692,-464,-668,-199
l21,U,0,0,0,0,0,80,-7104,12000,-1054,33,-43
l21,U,0,0,0,0,0,24,-6996,11984,-902,-404,53
l21,U,0,0,0,0,0,4,-7152,12136,-681,-76,-134
l21,U,0,0,0,0,0,-28,-7076,12092,-674,-66,-114
l21,U,0,0,0,0,0,-108,-7188,12200,-490,-30,-83
l21,U,0,0,0,0,0,24,-7148,12100,-621,-449,-189
l21,U,0,0,0,0,0,40,-7172,12132,-634,-137,-145
l21,U,0,0,0,0,0,96,-7188,11980,-670,-103,-89
l21,U,0,0,0,0,0,-44,-7216,12188,-615,-157,-133
l21,U,0,0,0,0,0,80,-7192,11984,-525,-174,-152
l21,U,0,0,0,0,0,-52,-7140,12140,-560,-133,-145
l21,U,0,0,0,0,0,-12,-7172,12052,-764,-75,-52
l21,U,0,0,0,0,0,560,-6260,12036,-1026,-711,929
l21,U,0,0,0,0,0,-284,-7540,10376,533,-607,214
l21,U,0,0,0,0,0,132,-7008,12080,-645,-247,10
l21,U,0,0,0,0,0,-4,-7076,12196,-645,-169,-258
l21,U,0,0,0,0,0,156,-7124,12252,-666,-132,-148
l21,U,0,0,0,0,0,-176,-7436,12288,-507,-392,879
l21,U,0,0,0,0,0,-248,-7940,11936,-922,-81,-29
l21,U,0,0,0,0,0,56,-6984,12228,-661,-156,-211
l21,U,0,0,0,0,0,36,-7016,12392,-577,-172,-158
l21,U,0,0,0,0,0,44,-7100,12032,-645,-144,-181
l21,U,0,0,0,0,0,232,-6320,11272,-834,-236,-176
l21,U,0,0,0,0,0,216,-6524,11900,-351,177,158
l21,U,0,0,0,0,0,88,-5516,11420,7613,4185,3102
l21,U,0,0,0,0,0,-2676,-7264,4204,3202,700,452
l21,U,0,0,0,0,0,-1064,-4612,13016,-237,-139,-175
l21,U,0,0,0,0,0,-936,-4356,13048,-120,81,-1726
l21,U,0,0,0,0,0,-652,-4700,12656,-137,-378,-935
l21,U,0,0,0,0,0,-916,-4524,13124,-924,-162,-7
l21,U,0,0,0,0,0,-752,-4440,13260,-976,91,55
l21,U,0,0,0,0,0,-1028,-4584,12908,-597,29,36
l21,U,0,0,0,0,0,-1024,-4456,12840,-702,-236,-111
l21,U,0,0,0,0,0,-928,-4612,13128,-556,-293,-171
l21,U,0,0,0,0,0,-1108,-4492,12512,40,-262,-459
l21,U,0,0,0,0,0,-816,-4188,13156,-809,-22,-68
l21,U,0,0,0,0,0,-832,-4304,12848,39,-242,-586
l21,U,0,0,0,0,0,-724,-4360,13112,-405,-57,-418
l21,U,0,0,0,0,0,-952,-4332,13252,-808,51,-438
l21,U,0,0,0,0,0,-844,-4272,13008,-5,-304,-536
l21,U,0,0,0,0,0,-728,-4080,13192,-262,-471,-56
l21,U,0,0,0,0,0,-872,-4148,13092,-707,-620,-163
l21,U,0,0,0,0,0,-736,-4248,13088,-289,-135,-291
l21,U,0,0,0,0,0,-660,-4140,13032,102,-132,-546
l21,U,0,0,0,0,0,-668,-3772,13524,-3,-113,-191
l21,U,0,0,0,0,0,-740,-3896,13232,-337,-143,-209
l21,U,0,0,0,0,0,-784,-3936,12932,-323,-185,-336
l21,U,0,0,0,0,0,-548,-3716,13224,-433,-176,-118
l21,U,0,0,0,0,0,-716,-3884,13120,-1004,238,-2
l21,U,0,0,0,0,0,-680,-3664,13200,-2158,480,195
l21,U,0,0,0,0,0,-828,-4064,12712,-1127,-400,19
l21,U,0,0,0,0,0,-824,-4196,12836,-574,-232,-212
l21,U,0,0,0,0,0,-664,-3868,13160,-328,-138,-164
l21,U,0,0,0,0,0,-784,-3904,13188,-1015,-210,-94
l21,U,0,0,0,0,0,-652,-3856,13292,-205,-126,-171
l21,U,0,0,0,0,0,-572,-4808,14812,-118,-17,-126
l21,U,15,0,0,0,0,-520,-3800,13052,-944,-116,-64
l21,U,0,0,0,0,0,-692,-3764,12936,-983,-178,-99
l21,U,0,0,0,0,0,-796,-4040,12848,-1221,-162,475
l21,U,0,0,0,0,0,-676,-4088,13232,-1005,-192,-276
l21,U,0,0,0,0,0,-636,-4240,13284,-1012,-157,-834
l21,U,0,0,0,0,0,-796,-4316,13084,-695,-218,-842
l21,U,0,0,0,0,0,204,-3904,13752,1895,-38,-539
l21,U,0,160,0,0,0,464,-3180,13652,-754,6,-74
l21,U,0,0,0,0,0,260,-2988,13364,330,-315,-100
l21,U,0,0,0,0,266,228,-2876,13380,-680,169,82
l21,U,0,0,0,69,579,312,-2840,13392,-218,-79,-100
l21,U,113,0,511,353,796,220,-2936,13356,-467,-94,-90
l21,U,320,0,999,283,957,144,-2660,12968,-24,54,-129
l21,U,879,48,1395,791,1002,404,-2604,13584,-172,-98,-64
l21,U,1004,0,1569,923,1058,240,-2680,13672,-558,-12,-242
l21,U,1303,4,1696,880,1316,216,-2564,13372,-385,-75,-121
l21,U,1305,0,1694,798,1311,176,-2628,13428,-570,-93,-96
l21,U,1243,0,1677,866,1341,168,-2532,13792,-643,-139,-207
l21,U,1392,16,1727,789,1392,308,-2440,13644,-549,-223,-175
l21,U,1333,16,1725,861,1345,188,-2684,13628,-483,-196,-195
l21,U,1392,37,1669,872,1381,148,-2548,13644,-589,-182,-153
l21,U,1379,30,1709,794,1360,176,-2520,13352,-743,-85,-133
l21,U,1327,18,1671,842,1355,92,-2740,13360,-712,-114,-96
l21,U,1329,13,1616,719,1280,244,-2552,13464,-566,-227,-154
l21,U,1456,7,1609,685,1326,168,-2688,13584,-445,-222,-153
l21,U,1446,9,1530,685,1299,84,-2564,13708,-519,-208,-157
l21,U,1426,14,1519,770,1351,196,-2528,13672,-647,-135,-190
l21,U,1429,25,1527,631,1383,180,-2708,13476,-607,-157,-138
l21,U,1433,32,1535,755,1367,256,-2560,13528,-540,-212,-144
l21,U,1574,101,1594,825,1232,292,-2388,13460,-349,-81,-126
l21,U,1793,121,1513,689,1200,72,-2408,13784,-890,-204,-216
l21,U,1824,70,1525,677,1281,236,-2704,13500,-464,-182,-180
l21,U,1895,43,1693,511,1211,276,-2556,13352,-238,-302,-229
l21,U,1842,42,1654,585,1226,380,-2444,13708,-649,-148,-169
l21,U,1866,51,1602,612,1243,296,-2452,13484,-332,-209,-228
l21,U,1840,62,1621,675,1136,204,-2404,13468,-618,-115,-214
l21,U,1769,64,1617,766,1019,180,-2452,13668,-519,-164,-322
l21,U,1705,61,1495,636,1067,484,-2432,13532,-559,-317,-298
l21,U,1706,46,1445,525,969,204,-2364,13436,-1561,23,207
l21,U,1785,47,1374,559,784,316,-2676,13472,-1217,56,-93
l21,U,1811,46,1305,639,794,260,-2580,13596,-442,-306,-328
l21,U,1739,39,1329,631,880,276,-2480,13400,-240,-312,-238
l21,U,1762,42,1280,683,761,264,-2792,13448,-656,-187,-214
l21,U,1715,46,1279,647,713,548,-2420,13532,-481,-314,-213
l21,U,1691,43,1307,673,687,236,-2720,13228,-895,-74,-77
l21,U,1663,51,1326,751,653,340,-2704,13512,-720,-124,-129
l21,U,1572,74,1339,755,611,464,-2632,13356,-650,-170,-164
l21,U,1638,22,1202,688,558,268,-2748,13432,-781,-12,-60
l21,U,1661,24,1235,679,511,348,-2932,13368,-472,-294,-277
l21,U,1566,18,1136,560,368,372,-2868,13380,-947,-88,-143
l21,U,1399,20,784,478,67,244,-2836,13120,-386,-306,-372
l21,U,1319,7,846,524,0,520,-2692,13512,-1056,36,-75
l21,U,1318,46,746,494,26,272,-3116,13216,-795,-43,-203
l21,U,1295,47,894,337,0,248,-3056,13476,-66,-386,-352
l21,U,1264,16,875,373,0,464,-2876,13316,-49,-346,-292
l21,U,1054,0,673,187,0,432,-2764,13316,-727,-102,-153
l21,U,699,0,422,71,0,324,-2920,13348,-604,-90,-11
l21,U,662,0,464,108,0,344,-2864,13432,-694,52,62
l21,U,635,0,402,142,0,312,-2912,13712,-1081,42,-11
l21,U,589,0,454,202,0,128,-2992,13360,-644,-103,-142
l21,U,546,0,487,176,0,332,-3084,13332,-658,57,-37
l21,U,81,0,102,51,0,508,-2944,13400,-566,-107,-135
l21,U,0,0,0,0,0,284,-2980,13568,-1277,-38,-172
l21,U,0,0,0,0,0,256,-2952,13208,-293,14,141
l21,U,0,0,0,0,0,372,-2852,13352,-155,-139,128
l21,U,0,0,0,0,0,100,-2844,13352,-1122,32,213
l21,U,0,0,0,0,0,212,-2772,13520,-458,-304,-130
l21,U,0,0,0,0,0,236,-3220,13448,-688,-32,-256
l21,U,0,0,0,0,0,56,-2848,13368,-713,-66,-168
l21,U,0,0,0,80,0,320,-2948,13828,-1321,-52,-133
l21,U,0,0,0,13,0,472,-2960,13008,-870,-77,49
l21,U,0,0,0,0,0,212,-3212,13372,-398,-374,-225
l21,U,0,0,0,0,0,184,-2964,13384,-617,-195,-95
l21,U,0,0,0,0,0,228,-3088,13336,-1140,-3,21
l21,U,0,0,0,0,0,112,-3172,13560,-905,-152,-85
l21,U,0,0,0,0,0,184,-3292,13096,-1147,8,52
l21,U,0,0,0,0,0,188,-3460,13324,-865,-61,-122
l21,U,0,73,0,42,0,76,-3496,13432,-277,-183,-243
l21,U,0,0,0,29,0,176,-3220,13296,-3,-134,-198
l21,U,0,0,0,0,0,8,-3360,13384,-755,-155,-61
l21,U,0,0,0,0,0,56,-3224,13348,-552,-217,-24
l21,U,0,0,0,0,0,240,-3192,13532,-80,-379,-68
l21,U,0,0,0,0,0,52,-3060,13416,-666,-288,-72
l21,U,0,0,0,0,0,304,-3300,13260,-767,-169,-56
l21,U,0,0,0,0,0,508,-3168,13568,-627,-221,34
l21,U,0,0,0,0,0,208,-3088,13204,174,-320,-55
l21,U,0,0,0,83,0,68,-2664,13328,-325,-211,-183
l21,U,0,0,0,0,0,88,-3124,14096,2777,131,485
l21,U,0,0,0,0,0,352,-2608,14220,3366,-1636,-1519
l21,U,0,0,0,0,0,1768,-1236,13532,6962,-5123,-1450
l21,U,0,354,0,0,0,1128,-200,14480,-4764,1165,2439
l21,U,0,633,0,0,0,1484,308,12796,672,-986,444
l21,U,0,937,0,0,0,2256,-832,13008,175,96,340
l21,U,0,1866,0,0,0,2628,192,13888,-791,-186,2693
l21,U,0,2745,0,107,0,2120,-644,13768,1206,-1984,-1962
l21,U,0,1526,0,0,0,2392,-552,13156,1207,-1094,91
l21,U,0,0,0,0,0,3488,-16,13168,2830,-1632,129
l21,U,0,0,0,0,0,760,540,14584,-1903,1697,457
l21,U,0,539,0,0,0,1724,740,13816,235,1980,1403
l21,U,0,723,0,0,0,1288,-292,13876,1,1531,908
l21,U,0,903,0,0,0,1768,744,14400,-489,1393,-1188
l21,U,0,1130,0,0,0,-568,2052,13556,-1615,-625,232
l21,U,0,2761,0,87,0,1732,132,15416,-2012,-434,185
l21,U,0,1755,0,0,0,280,40,12756,390,-2867,-1374
l21,U,0,0,0,0,0,2368,328,14236,1969,-636,294
l21,U,0,0,0,0,0,1596,-228,13596,-2303,452,418
l21,U,0,379,0,0,0,1176,-96,13232,-735,183,-1348
l21,U,0,197,0,0,0,1248,-504,13612,-4376,1322,-667
l21,U,0,579,0,0,0,896,-480,14276,3597,-3190,-607
l21,U,0,673,0,0,0,2408,-68,13424,-1826,-609,-1654
l21,U,0,2150,0,92,0,1440,776,12872,1109,355,278
l21,U,0,1840,0,0,0,1592,-300,13344,-3490,812,1399
l21,U,0,305,0,0,0,1888,-1808,13876,-5351,2744,1507
l21,U,0,0,0,0,0,1040,-1020,13632,-2843,1970,1107
l21,U,0,87,0,0,0,-1000,152,13304,-9,54,2206
l21,U,0,275,0,0,0,228,-1564,13956,-134,143,-502
l21,U,0,618,0,0,0,108,-1680,13824,-1230,774,-602
l21,U,0,694,0,0,0,592,-1616,14156,-382,-162,60
l21,U,0,2347,0,97,0,-308,-1016,13164,-595,-39,333
